timestamp,event,status
2025-12-14T12:22:10Z,INIT,ALL_SYSTEMS_ONLINE
2025-12-14T12:24:35Z,EVENT,ALL_SYSTEMS_ONLINE
2025-12-14T12:25:21Z,ASSET_TRANSFER,USD->JPY,STATUS=SUCCESS
2025-12-14T12:25:21Z,AUTH,LOGIN,STATUS=SUCCESS
2025-12-14T12:25:41Z,AUTH,LOGIN,STATUS=SUCCESS
2025-12-14T12:25:41Z,ASSET_TRANSFER,USD->JPY,STATUS=SUCCESS
2025-12-14T12:25:41Z,AUDIT,EXTERNAL_REQUEST,STATUS=LOGGED
2025-12-14T12:25:41Z,LICENSE,RENEWAL,STATUS=CONFIRMED
2025-12-14T12:25:59Z,FORECAST,ASSET_TRANSFER,USD->EUR,STATUS=PREDICTED
2025-12-14T12:26:22Z,CORRECTION,ASSET_TRANSFER,USD->EUR,STATUS=ADJUSTED
2025-12-14T12:28:45Z,SIMULATION,ASSET_TRANSFER,USD->BTC,STATUS=TEST
2025-12-14T12:29:01Z,ORACLE,ASSET_TRANSFER,USD->ETH,STATUS=RECOMMENDED
2025-12-14T12:29:18Z,AUTONOMOUS,ASSET_TRANSFER,USD->ETH,STATUS=EXECUTED
2025-12-14T12:29:37Z,EVOLUTION,MARKET_UPDATE,BTC/USD=45000,STATUS=ABSORBED
2025-12-14T12:41:32Z,STATUS,ALL_SYSTEMS_ONLINE,ENV=PROD,UI=ACTIVE
2025-12-14T12:41:32Z,MODULE,UI_UX,STATUS=VISIBLE,ENV=PROD
2025-12-14T12:41:32Z,MODULE,コープ,STATUS=ONLINE,ENV=PROD
2025-12-14T12:41:32Z,MODULE,送信,STATUS=ONLINE,ENV=PROD
2025-12-14T12:41:32Z,MODULE,ATM,STATUS=ONLINE,ENV=PROD
2025-12-14T12:41:32Z,MODULE,カード,STATUS=ONLINE,ENV=PROD
2025-12-14T12:41:32Z,MODULE,暗号通貨,STATUS=ONLINE,ENV=PROD
2025-12-14T12:41:32Z,MODULE,PWA,STATUS=ONLINE,ENV=PROD
2025-12-14T12:41:32Z,MODULE,ウェブ,STATUS=ONLINE,ENV=PROD
2025-12-14T12:41:32Z,MODULE,データ,STATUS=ONLINE,ENV=PROD
2025-12-14T12:41:32Z,MODULE,UI_UX,STATUS=ONLINE,ENV=PROD
2025-12-14T12:41:32Z,MODULE,健康,STATUS=ONLINE,ENV=PROD
2025-12-14T12:41:32Z,MODULE,リアルAPI,STATUS=ONLINE,ENV=PROD
2025-12-14T12:41:32Z,MODULE,法的,STATUS=ONLINE,ENV=PROD
2025-12-14T12:41:32Z,MODULE,監査,STATUS=ONLINE,ENV=PROD
2025-12-14T12:41:32Z,MODULE,免許,STATUS=ONLINE,ENV=PROD
2025-12-14T12:41:33Z,MODULE,本番アプリ,STATUS=ONLINE,ENV=PROD
2025-12-14T12:41:33Z,MODULE,管理,STATUS=ONLINE,ENV=PROD
2025-12-14T12:41:33Z,NAVIGATION,CURRENT=MANAGEMENT_PANEL,ENV=PROD
2025-12-14T12:42:10Z,STATUS,ALL_SYSTEMS_ONLINE,ENV=PROD,UI=ACTIVE
2025-12-14T12:42:10Z,MODULE,コープ,STATUS=ONLINE,ENV=PROD
2025-12-14T12:42:10Z,MODULE,送信,STATUS=ONLINE,ENV=PROD
2025-12-14T12:42:10Z,MODULE,ATM,STATUS=ONLINE,ENV=PROD
2025-12-14T12:42:10Z,MODULE,カード,STATUS=ONLINE,ENV=PROD
2025-12-14T12:42:10Z,MODULE,暗号通貨,STATUS=ONLINE,ENV=PROD
2025-12-14T12:42:10Z,MODULE,PWA,STATUS=ONLINE,ENV=PROD
2025-12-14T12:42:10Z,MODULE,ウェブ,STATUS=ONLINE,ENV=PROD
2025-12-14T12:42:10Z,MODULE,データ,STATUS=ONLINE,ENV=PROD
2025-12-14T12:42:10Z,MODULE,UI_UX,STATUS=ONLINE,ENV=PROD
2025-12-14T12:42:10Z,MODULE,健康,STATUS=ONLINE,ENV=PROD
2025-12-14T12:42:10Z,MODULE,リアルAPI,STATUS=ONLINE,ENV=PROD
2025-12-14T12:42:10Z,MODULE,法的,STATUS=ONLINE,ENV=PROD
2025-12-14T12:42:10Z,MODULE,監査,STATUS=ONLINE,ENV=PROD
2025-12-14T12:42:10Z,MODULE,免許,STATUS=ONLINE,ENV=PROD
2025-12-14T12:42:10Z,MODULE,本番アプリ,STATUS=ONLINE,ENV=PROD
2025-12-14T12:42:10Z,MODULE,管理,STATUS=ONLINE,ENV=PROD
2025-12-14T12:42:10Z,NAVIGATION,CURRENT=MANAGEMENT_PANEL,ENV=PROD
2025-12-14T12:52:50Z,DASHBOARD,PUBLIC,CHAIN=ACTIVE,ENV=PROD,MODE=REALTIME
2025-12-14T12:52:50Z,TRANSACTION,PREDICTED_TRANSFER,ASSET=USD,FROM=WALLET_456,TO=WALLET_789,AMOUNT=500,ENV=PROD,STATUS=FORECAST
2025-12-14T12:56:13Z,STATUS,ALL_SYSTEMS_ONLINE,ENV=PROD,UI=ACTIVE
2025-12-14T12:56:13Z,MODULE,コープ,STATUS=ONLINE,ENV=PROD
2025-12-14T12:56:13Z,MODULE,送信,STATUS=ONLINE,ENV=PROD
2025-12-14T12:56:13Z,MODULE,ATM,STATUS=ONLINE,ENV=PROD
2025-12-14T12:56:13Z,MODULE,カード,STATUS=ONLINE,ENV=PROD
2025-12-14T12:56:13Z,MODULE,暗号通貨,STATUS=ONLINE,ENV=PROD
2025-12-14T12:56:13Z,MODULE,PWA,STATUS=ONLINE,ENV=PROD
2025-12-14T12:56:13Z,MODULE,ウェブ,STATUS=ONLINE,ENV=PROD
2025-12-14T12:56:13Z,MODULE,データ,STATUS=ONLINE,ENV=PROD
2025-12-14T12:56:13Z,MODULE,UI_UX,STATUS=ONLINE,ENV=PROD
2025-12-14T12:56:13Z,MODULE,健康,STATUS=ONLINE,ENV=PROD
2025-12-14T12:56:13Z,MODULE,リアルAPI,STATUS=ONLINE,ENV=PROD
2025-12-14T12:56:13Z,MODULE,法的,STATUS=ONLINE,ENV=PROD
2025-12-14T12:56:13Z,MODULE,監査,STATUS=ONLINE,ENV=PROD
2025-12-14T12:56:13Z,MODULE,免許,STATUS=ONLINE,ENV=PROD
2025-12-14T12:56:13Z,MODULE,本番アプリ,STATUS=ONLINE,ENV=PROD
2025-12-14T12:56:13Z,MODULE,管理,STATUS=ONLINE,ENV=PROD
2025-12-14T12:57:13Z,HUD,PUBLIC,CHAIN=644cc642-c67e-458f-bf59-e5f553823162,ENV=PROD,MODE=REALTIME
